display_name,display_name_short,export,maximum,measure_id,metadata_id,minimum,name,objective_function,objective_function_group,objective_function_index,output,perturbable,pivot,static_value,units,value_type,visualize,measure_name,measure_display_name,type_of_variable
Building ID,building_id,true,2800,7cd2531e-cc49-480d-acbc-085a562f5fea,,1,build_existing_model.building_id,false,,,false,false,true,0,,integer,true,build_existing_model,Build Existing Model,pivot
bathroom_spot_vent_hour,bathroom_spot_vent_hour,true,,d92b59b3-630c-4957-9f2a-d4c67450b6f3,,,building_characteristics_report.bathroom_spot_vent_hour,false,,,true,false,false,,,string,true,building_characteristics_report,Building Characteristics Report,output
bedrooms,bedrooms,true,,d92b59b3-630c-4957-9f2a-d4c67450b6f3,,,building_characteristics_report.bedrooms,false,,,true,false,false,,,string,true,building_characteristics_report,Building Characteristics Report,output
ceiling_fan,ceiling_fan,true,,d92b59b3-630c-4957-9f2a-d4c67450b6f3,,,building_characteristics_report.ceiling_fan,false,,,true,false,false,,,string,true,building_characteristics_report,Building Characteristics Report,output
climate_zone_ba,climate_zone_ba,true,,d92b59b3-630c-4957-9f2a-d4c67450b6f3,,,building_characteristics_report.climate_zone_ba,false,,,true,false,false,,,string,true,building_characteristics_report,Building Characteristics Report,output
climate_zone_iecc,climate_zone_iecc,true,,d92b59b3-630c-4957-9f2a-d4c67450b6f3,,,building_characteristics_report.climate_zone_iecc,false,,,true,false,false,,,string,true,building_characteristics_report,Building Characteristics Report,output
clothes_dryer,clothes_dryer,true,,d92b59b3-630c-4957-9f2a-d4c67450b6f3,,,building_characteristics_report.clothes_dryer,false,,,true,false,false,,,string,true,building_characteristics_report,Building Characteristics Report,output
clothes_washer,clothes_washer,true,,d92b59b3-630c-4957-9f2a-d4c67450b6f3,,,building_characteristics_report.clothes_washer,false,,,true,false,false,,,string,true,building_characteristics_report,Building Characteristics Report,output
clothes_washer_presence,clothes_washer_presence,true,,d92b59b3-630c-4957-9f2a-d4c67450b6f3,,,building_characteristics_report.clothes_washer_presence,false,,,true,false,false,,,string,true,building_characteristics_report,Building Characteristics Report,output
cooking_range,cooking_range,true,,d92b59b3-630c-4957-9f2a-d4c67450b6f3,,,building_characteristics_report.cooking_range,false,,,true,false,false,,,string,true,building_characteristics_report,Building Characteristics Report,output
cooking_range_schedule,cooking_range_schedule,true,,d92b59b3-630c-4957-9f2a-d4c67450b6f3,,,building_characteristics_report.cooking_range_schedule,false,,,true,false,false,,,string,true,building_characteristics_report,Building Characteristics Report,output
cooling_setpoint,cooling_setpoint,true,,d92b59b3-630c-4957-9f2a-d4c67450b6f3,,,building_characteristics_report.cooling_setpoint,false,,,true,false,false,,,string,true,building_characteristics_report,Building Characteristics Report,output
cooling_setpoint_has_offset,cooling_setpoint_has_offset,true,,d92b59b3-630c-4957-9f2a-d4c67450b6f3,,,building_characteristics_report.cooling_setpoint_has_offset,false,,,true,false,false,,,string,true,building_characteristics_report,Building Characteristics Report,output
cooling_setpoint_offset_magnitude,cooling_setpoint_offset_magnitude,true,,d92b59b3-630c-4957-9f2a-d4c67450b6f3,,,building_characteristics_report.cooling_setpoint_offset_magnitude,false,,,true,false,false,,,string,true,building_characteristics_report,Building Characteristics Report,output
cooling_setpoint_offset_period,cooling_setpoint_offset_period,true,,d92b59b3-630c-4957-9f2a-d4c67450b6f3,,,building_characteristics_report.cooling_setpoint_offset_period,false,,,true,false,false,,,string,true,building_characteristics_report,Building Characteristics Report,output
corridor,corridor,true,,d92b59b3-630c-4957-9f2a-d4c67450b6f3,,,building_characteristics_report.corridor,false,,,true,false,false,,,string,true,building_characteristics_report,Building Characteristics Report,output
days_shifted,days_shifted,true,,d92b59b3-630c-4957-9f2a-d4c67450b6f3,,,building_characteristics_report.days_shifted,false,,,true,false,false,,,string,true,building_characteristics_report,Building Characteristics Report,output
dehumidifier,dehumidifier,true,,d92b59b3-630c-4957-9f2a-d4c67450b6f3,,,building_characteristics_report.dehumidifier,false,,,true,false,false,,,string,true,building_characteristics_report,Building Characteristics Report,output
dishwasher,dishwasher,true,,d92b59b3-630c-4957-9f2a-d4c67450b6f3,,,building_characteristics_report.dishwasher,false,,,true,false,false,,,string,true,building_characteristics_report,Building Characteristics Report,output
door_area,door_area,true,,d92b59b3-630c-4957-9f2a-d4c67450b6f3,,,building_characteristics_report.door_area,false,,,true,false,false,,,string,true,building_characteristics_report,Building Characteristics Report,output
doors,doors,true,,d92b59b3-630c-4957-9f2a-d4c67450b6f3,,,building_characteristics_report.doors,false,,,true,false,false,,,string,true,building_characteristics_report,Building Characteristics Report,output
ducts,ducts,true,,d92b59b3-630c-4957-9f2a-d4c67450b6f3,,,building_characteristics_report.ducts,false,,,true,false,false,,,string,true,building_characteristics_report,Building Characteristics Report,output
eaves,eaves,true,,d92b59b3-630c-4957-9f2a-d4c67450b6f3,,,building_characteristics_report.eaves,false,,,true,false,false,,,string,true,building_characteristics_report,Building Characteristics Report,output
electric_vehicle,electric_vehicle,true,,d92b59b3-630c-4957-9f2a-d4c67450b6f3,,,building_characteristics_report.electric_vehicle,false,,,true,false,false,,,string,true,building_characteristics_report,Building Characteristics Report,output
geometry_attic_type,geometry_attic_type,true,,d92b59b3-630c-4957-9f2a-d4c67450b6f3,,,building_characteristics_report.geometry_attic_type,false,,,true,false,false,,,string,true,building_characteristics_report,Building Characteristics Report,output
geometry_building_number_units_hl,geometry_building_number_units_hl,true,,d92b59b3-630c-4957-9f2a-d4c67450b6f3,,,building_characteristics_report.geometry_building_number_units_hl,false,,,true,false,false,,,string,true,building_characteristics_report,Building Characteristics Report,output
geometry_building_number_units_mf,geometry_building_number_units_mf,true,,d92b59b3-630c-4957-9f2a-d4c67450b6f3,,,building_characteristics_report.geometry_building_number_units_mf,false,,,true,false,false,,,string,true,building_characteristics_report,Building Characteristics Report,output
geometry_building_number_units_sfa,geometry_building_number_units_sfa,true,,d92b59b3-630c-4957-9f2a-d4c67450b6f3,,,building_characteristics_report.geometry_building_number_units_sfa,false,,,true,false,false,,,string,true,building_characteristics_report,Building Characteristics Report,output
geometry_building_type_acs,geometry_building_type_acs,true,,d92b59b3-630c-4957-9f2a-d4c67450b6f3,,,building_characteristics_report.geometry_building_type_acs,false,,,true,false,false,,,string,true,building_characteristics_report,Building Characteristics Report,output
geometry_building_type_recs,geometry_building_type_recs,true,,d92b59b3-630c-4957-9f2a-d4c67450b6f3,,,building_characteristics_report.geometry_building_type_recs,false,,,true,false,false,,,string,true,building_characteristics_report,Building Characteristics Report,output
geometry_foundation_type,geometry_foundation_type,true,,d92b59b3-630c-4957-9f2a-d4c67450b6f3,,,building_characteristics_report.geometry_foundation_type,false,,,true,false,false,,,string,true,building_characteristics_report,Building Characteristics Report,output
geometry_garage,geometry_garage,true,,d92b59b3-630c-4957-9f2a-d4c67450b6f3,,,building_characteristics_report.geometry_garage,false,,,true,false,false,,,string,true,building_characteristics_report,Building Characteristics Report,output
geometry_heated_basement,geometry_heated_basement,true,,d92b59b3-630c-4957-9f2a-d4c67450b6f3,,,building_characteristics_report.geometry_heated_basement,false,,,true,false,false,,,string,true,building_characteristics_report,Building Characteristics Report,output
geometry_house_size,geometry_house_size,true,,d92b59b3-630c-4957-9f2a-d4c67450b6f3,,,building_characteristics_report.geometry_house_size,false,,,true,false,false,,,string,true,building_characteristics_report,Building Characteristics Report,output
geometry_number_units,geometry_number_units,true,,d92b59b3-630c-4957-9f2a-d4c67450b6f3,,,building_characteristics_report.geometry_number_units,false,,,true,false,false,,,string,true,building_characteristics_report,Building Characteristics Report,output
geometry_number_units_acs_bins,geometry_number_units_acs_bins,true,,d92b59b3-630c-4957-9f2a-d4c67450b6f3,,,building_characteristics_report.geometry_number_units_acs_bins,false,,,true,false,false,,,string,true,building_characteristics_report,Building Characteristics Report,output
geometry_perimeter_footprint_ratio,geometry_perimeter_footprint_ratio,true,,d92b59b3-630c-4957-9f2a-d4c67450b6f3,,,building_characteristics_report.geometry_perimeter_footprint_ratio,false,,,true,false,false,,,string,true,building_characteristics_report,Building Characteristics Report,output
geometry_stories,geometry_stories,true,,d92b59b3-630c-4957-9f2a-d4c67450b6f3,,,building_characteristics_report.geometry_stories,false,,,true,false,false,,,string,true,building_characteristics_report,Building Characteristics Report,output
geometry_unit_stories_mf,geometry_unit_stories_mf,true,,d92b59b3-630c-4957-9f2a-d4c67450b6f3,,,building_characteristics_report.geometry_unit_stories_mf,false,,,true,false,false,,,string,true,building_characteristics_report,Building Characteristics Report,output
geometry_unit_stories_sf,geometry_unit_stories_sf,true,,d92b59b3-630c-4957-9f2a-d4c67450b6f3,,,building_characteristics_report.geometry_unit_stories_sf,false,,,true,false,false,,,string,true,building_characteristics_report,Building Characteristics Report,output
geometry_wall_type,geometry_wall_type,true,,d92b59b3-630c-4957-9f2a-d4c67450b6f3,,,building_characteristics_report.geometry_wall_type,false,,,true,false,false,,,string,true,building_characteristics_report,Building Characteristics Report,output
heating_fuel,heating_fuel,true,,d92b59b3-630c-4957-9f2a-d4c67450b6f3,,,building_characteristics_report.heating_fuel,false,,,true,false,false,,,string,true,building_characteristics_report,Building Characteristics Report,output
heating_setpoint,heating_setpoint,true,,d92b59b3-630c-4957-9f2a-d4c67450b6f3,,,building_characteristics_report.heating_setpoint,false,,,true,false,false,,,string,true,building_characteristics_report,Building Characteristics Report,output
heating_setpoint_has_offset,heating_setpoint_has_offset,true,,d92b59b3-630c-4957-9f2a-d4c67450b6f3,,,building_characteristics_report.heating_setpoint_has_offset,false,,,true,false,false,,,string,true,building_characteristics_report,Building Characteristics Report,output
heating_setpoint_offset_magnitude,heating_setpoint_offset_magnitude,true,,d92b59b3-630c-4957-9f2a-d4c67450b6f3,,,building_characteristics_report.heating_setpoint_offset_magnitude,false,,,true,false,false,,,string,true,building_characteristics_report,Building Characteristics Report,output
heating_setpoint_offset_period,heating_setpoint_offset_period,true,,d92b59b3-630c-4957-9f2a-d4c67450b6f3,,,building_characteristics_report.heating_setpoint_offset_period,false,,,true,false,false,,,string,true,building_characteristics_report,Building Characteristics Report,output
holiday_lighting,holiday_lighting,true,,d92b59b3-630c-4957-9f2a-d4c67450b6f3,,,building_characteristics_report.holiday_lighting,false,,,true,false,false,,,string,true,building_characteristics_report,Building Characteristics Report,output
hot_water_distribution,hot_water_distribution,true,,d92b59b3-630c-4957-9f2a-d4c67450b6f3,,,building_characteristics_report.hot_water_distribution,false,,,true,false,false,,,string,true,building_characteristics_report,Building Characteristics Report,output
hot_water_fixtures,hot_water_fixtures,true,,d92b59b3-630c-4957-9f2a-d4c67450b6f3,,,building_characteristics_report.hot_water_fixtures,false,,,true,false,false,,,string,true,building_characteristics_report,Building Characteristics Report,output
hvac_system_cooling,hvac_system_cooling,true,,d92b59b3-630c-4957-9f2a-d4c67450b6f3,,,building_characteristics_report.hvac_system_cooling,false,,,true,false,false,,,string,true,building_characteristics_report,Building Characteristics Report,output
hvac_system_cooling_type,hvac_system_cooling_type,true,,d92b59b3-630c-4957-9f2a-d4c67450b6f3,,,building_characteristics_report.hvac_system_cooling_type,false,,,true,false,false,,,string,true,building_characteristics_report,Building Characteristics Report,output
hvac_system_heat_pump,hvac_system_heat_pump,true,,d92b59b3-630c-4957-9f2a-d4c67450b6f3,,,building_characteristics_report.hvac_system_heat_pump,false,,,true,false,false,,,string,true,building_characteristics_report,Building Characteristics Report,output
hvac_system_heating_electricity,hvac_system_heating_electricity,true,,d92b59b3-630c-4957-9f2a-d4c67450b6f3,,,building_characteristics_report.hvac_system_heating_electricity,false,,,true,false,false,,,string,true,building_characteristics_report,Building Characteristics Report,output
hvac_system_heating_fuel_oil,hvac_system_heating_fuel_oil,true,,d92b59b3-630c-4957-9f2a-d4c67450b6f3,,,building_characteristics_report.hvac_system_heating_fuel_oil,false,,,true,false,false,,,string,true,building_characteristics_report,Building Characteristics Report,output
hvac_system_heating_natural_gas,hvac_system_heating_natural_gas,true,,d92b59b3-630c-4957-9f2a-d4c67450b6f3,,,building_characteristics_report.hvac_system_heating_natural_gas,false,,,true,false,false,,,string,true,building_characteristics_report,Building Characteristics Report,output
hvac_system_heating_none,hvac_system_heating_none,true,,d92b59b3-630c-4957-9f2a-d4c67450b6f3,,,building_characteristics_report.hvac_system_heating_none,false,,,true,false,false,,,string,true,building_characteristics_report,Building Characteristics Report,output
hvac_system_heating_other_fuel,hvac_system_heating_other_fuel,true,,d92b59b3-630c-4957-9f2a-d4c67450b6f3,,,building_characteristics_report.hvac_system_heating_other_fuel,false,,,true,false,false,,,string,true,building_characteristics_report,Building Characteristics Report,output
hvac_system_heating_propane,hvac_system_heating_propane,true,,d92b59b3-630c-4957-9f2a-d4c67450b6f3,,,building_characteristics_report.hvac_system_heating_propane,false,,,true,false,false,,,string,true,building_characteristics_report,Building Characteristics Report,output
hvac_system_heating_wood,hvac_system_heating_wood,true,,d92b59b3-630c-4957-9f2a-d4c67450b6f3,,,building_characteristics_report.hvac_system_heating_wood,false,,,true,false,false,,,string,true,building_characteristics_report,Building Characteristics Report,output
hvac_system_is_heat_pump,hvac_system_is_heat_pump,true,,d92b59b3-630c-4957-9f2a-d4c67450b6f3,,,building_characteristics_report.hvac_system_is_heat_pump,false,,,true,false,false,,,string,true,building_characteristics_report,Building Characteristics Report,output
hvac_system_is_shared,hvac_system_is_shared,true,,d92b59b3-630c-4957-9f2a-d4c67450b6f3,,,building_characteristics_report.hvac_system_is_shared,false,,,true,false,false,,,string,true,building_characteristics_report,Building Characteristics Report,output
hvac_system_shared_electricity,hvac_system_shared_electricity,true,,d92b59b3-630c-4957-9f2a-d4c67450b6f3,,,building_characteristics_report.hvac_system_shared_electricity,false,,,true,false,false,,,string,true,building_characteristics_report,Building Characteristics Report,output
hvac_system_shared_fuel_oil,hvac_system_shared_fuel_oil,true,,d92b59b3-630c-4957-9f2a-d4c67450b6f3,,,building_characteristics_report.hvac_system_shared_fuel_oil,false,,,true,false,false,,,string,true,building_characteristics_report,Building Characteristics Report,output
hvac_system_shared_natural_gas,hvac_system_shared_natural_gas,true,,d92b59b3-630c-4957-9f2a-d4c67450b6f3,,,building_characteristics_report.hvac_system_shared_natural_gas,false,,,true,false,false,,,string,true,building_characteristics_report,Building Characteristics Report,output
hvac_system_shared_none,hvac_system_shared_none,true,,d92b59b3-630c-4957-9f2a-d4c67450b6f3,,,building_characteristics_report.hvac_system_shared_none,false,,,true,false,false,,,string,true,building_characteristics_report,Building Characteristics Report,output
hvac_system_shared_other_fuel,hvac_system_shared_other_fuel,true,,d92b59b3-630c-4957-9f2a-d4c67450b6f3,,,building_characteristics_report.hvac_system_shared_other_fuel,false,,,true,false,false,,,string,true,building_characteristics_report,Building Characteristics Report,output
hvac_system_shared_propane,hvac_system_shared_propane,true,,d92b59b3-630c-4957-9f2a-d4c67450b6f3,,,building_characteristics_report.hvac_system_shared_propane,false,,,true,false,false,,,string,true,building_characteristics_report,Building Characteristics Report,output
infiltration,infiltration,true,,d92b59b3-630c-4957-9f2a-d4c67450b6f3,,,building_characteristics_report.infiltration,false,,,true,false,false,,,string,true,building_characteristics_report,Building Characteristics Report,output
insulation_crawlspace,insulation_crawlspace,true,,d92b59b3-630c-4957-9f2a-d4c67450b6f3,,,building_characteristics_report.insulation_crawlspace,false,,,true,false,false,,,string,true,building_characteristics_report,Building Characteristics Report,output
insulation_finished_basement,insulation_finished_basement,true,,d92b59b3-630c-4957-9f2a-d4c67450b6f3,,,building_characteristics_report.insulation_finished_basement,false,,,true,false,false,,,string,true,building_characteristics_report,Building Characteristics Report,output
insulation_finished_roof,insulation_finished_roof,true,,d92b59b3-630c-4957-9f2a-d4c67450b6f3,,,building_characteristics_report.insulation_finished_roof,false,,,true,false,false,,,string,true,building_characteristics_report,Building Characteristics Report,output
insulation_interzonal_floor,insulation_interzonal_floor,true,,d92b59b3-630c-4957-9f2a-d4c67450b6f3,,,building_characteristics_report.insulation_interzonal_floor,false,,,true,false,false,,,string,true,building_characteristics_report,Building Characteristics Report,output
insulation_pier_beam,insulation_pier_beam,true,,d92b59b3-630c-4957-9f2a-d4c67450b6f3,,,building_characteristics_report.insulation_pier_beam,false,,,true,false,false,,,string,true,building_characteristics_report,Building Characteristics Report,output
insulation_slab,insulation_slab,true,,d92b59b3-630c-4957-9f2a-d4c67450b6f3,,,building_characteristics_report.insulation_slab,false,,,true,false,false,,,string,true,building_characteristics_report,Building Characteristics Report,output
insulation_unfinished_attic,insulation_unfinished_attic,true,,d92b59b3-630c-4957-9f2a-d4c67450b6f3,,,building_characteristics_report.insulation_unfinished_attic,false,,,true,false,false,,,string,true,building_characteristics_report,Building Characteristics Report,output
insulation_unfinished_basement,insulation_unfinished_basement,true,,d92b59b3-630c-4957-9f2a-d4c67450b6f3,,,building_characteristics_report.insulation_unfinished_basement,false,,,true,false,false,,,string,true,building_characteristics_report,Building Characteristics Report,output
insulation_wall,insulation_wall,true,,d92b59b3-630c-4957-9f2a-d4c67450b6f3,,,building_characteristics_report.insulation_wall,false,,,true,false,false,,,string,true,building_characteristics_report,Building Characteristics Report,output
interior_shading,interior_shading,true,,d92b59b3-630c-4957-9f2a-d4c67450b6f3,,,building_characteristics_report.interior_shading,false,,,true,false,false,,,string,true,building_characteristics_report,Building Characteristics Report,output
lighting,lighting,true,,d92b59b3-630c-4957-9f2a-d4c67450b6f3,,,building_characteristics_report.lighting,false,,,true,false,false,,,string,true,building_characteristics_report,Building Characteristics Report,output
lighting_interior_use,lighting_interior_use,true,,d92b59b3-630c-4957-9f2a-d4c67450b6f3,,,building_characteristics_report.lighting_interior_use,false,,,true,false,false,,,string,true,building_characteristics_report,Building Characteristics Report,output
lighting_other_use,lighting_other_use,true,,d92b59b3-630c-4957-9f2a-d4c67450b6f3,,,building_characteristics_report.lighting_other_use,false,,,true,false,false,,,string,true,building_characteristics_report,Building Characteristics Report,output
location,location,true,,d92b59b3-630c-4957-9f2a-d4c67450b6f3,,,building_characteristics_report.location,false,,,true,false,false,,,string,true,building_characteristics_report,Building Characteristics Report,output
location_city,location_city,true,,d92b59b3-630c-4957-9f2a-d4c67450b6f3,,,building_characteristics_report.location_city,false,,,true,false,false,,,string,true,building_characteristics_report,Building Characteristics Report,output
location_cooling_region,location_cooling_region,true,,d92b59b3-630c-4957-9f2a-d4c67450b6f3,,,building_characteristics_report.location_cooling_region,false,,,true,false,false,,,string,true,building_characteristics_report,Building Characteristics Report,output
location_heating_region,location_heating_region,true,,d92b59b3-630c-4957-9f2a-d4c67450b6f3,,,building_characteristics_report.location_heating_region,false,,,true,false,false,,,string,true,building_characteristics_report,Building Characteristics Report,output
location_latitude,location_latitude,true,,d92b59b3-630c-4957-9f2a-d4c67450b6f3,,,building_characteristics_report.location_latitude,false,,,true,false,false,,,string,true,building_characteristics_report,Building Characteristics Report,output
location_longitude,location_longitude,true,,d92b59b3-630c-4957-9f2a-d4c67450b6f3,,,building_characteristics_report.location_longitude,false,,,true,false,false,,,string,true,building_characteristics_report,Building Characteristics Report,output
location_region,location_region,true,,d92b59b3-630c-4957-9f2a-d4c67450b6f3,,,building_characteristics_report.location_region,false,,,true,false,false,,,string,true,building_characteristics_report,Building Characteristics Report,output
location_state,location_state,true,,d92b59b3-630c-4957-9f2a-d4c67450b6f3,,,building_characteristics_report.location_state,false,,,true,false,false,,,string,true,building_characteristics_report,Building Characteristics Report,output
location_weather_filename,location_weather_filename,true,,d92b59b3-630c-4957-9f2a-d4c67450b6f3,,,building_characteristics_report.location_weather_filename,false,,,true,false,false,,,string,true,building_characteristics_report,Building Characteristics Report,output
location_weather_year,location_weather_year,true,,d92b59b3-630c-4957-9f2a-d4c67450b6f3,,,building_characteristics_report.location_weather_year,false,,,true,false,false,,,string,true,building_characteristics_report,Building Characteristics Report,output
mechanical_ventilation,mechanical_ventilation,true,,d92b59b3-630c-4957-9f2a-d4c67450b6f3,,,building_characteristics_report.mechanical_ventilation,false,,,true,false,false,,,string,true,building_characteristics_report,Building Characteristics Report,output
misc_extra_refrigerator,misc_extra_refrigerator,true,,d92b59b3-630c-4957-9f2a-d4c67450b6f3,,,building_characteristics_report.misc_extra_refrigerator,false,,,true,false,false,,,string,true,building_characteristics_report,Building Characteristics Report,output
misc_freezer,misc_freezer,true,,d92b59b3-630c-4957-9f2a-d4c67450b6f3,,,building_characteristics_report.misc_freezer,false,,,true,false,false,,,string,true,building_characteristics_report,Building Characteristics Report,output
misc_gas_fireplace,misc_gas_fireplace,true,,d92b59b3-630c-4957-9f2a-d4c67450b6f3,,,building_characteristics_report.misc_gas_fireplace,false,,,true,false,false,,,string,true,building_characteristics_report,Building Characteristics Report,output
misc_gas_grill,misc_gas_grill,true,,d92b59b3-630c-4957-9f2a-d4c67450b6f3,,,building_characteristics_report.misc_gas_grill,false,,,true,false,false,,,string,true,building_characteristics_report,Building Characteristics Report,output
misc_gas_lighting,misc_gas_lighting,true,,d92b59b3-630c-4957-9f2a-d4c67450b6f3,,,building_characteristics_report.misc_gas_lighting,false,,,true,false,false,,,string,true,building_characteristics_report,Building Characteristics Report,output
misc_hot_tub_spa,misc_hot_tub_spa,true,,d92b59b3-630c-4957-9f2a-d4c67450b6f3,,,building_characteristics_report.misc_hot_tub_spa,false,,,true,false,false,,,string,true,building_characteristics_report,Building Characteristics Report,output
misc_pool,misc_pool,true,,d92b59b3-630c-4957-9f2a-d4c67450b6f3,,,building_characteristics_report.misc_pool,false,,,true,false,false,,,string,true,building_characteristics_report,Building Characteristics Report,output
misc_pool_heater,misc_pool_heater,true,,d92b59b3-630c-4957-9f2a-d4c67450b6f3,,,building_characteristics_report.misc_pool_heater,false,,,true,false,false,,,string,true,building_characteristics_report,Building Characteristics Report,output
misc_pool_pump,misc_pool_pump,true,,d92b59b3-630c-4957-9f2a-d4c67450b6f3,,,building_characteristics_report.misc_pool_pump,false,,,true,false,false,,,string,true,building_characteristics_report,Building Characteristics Report,output
misc_pool_schedule,misc_pool_schedule,true,,d92b59b3-630c-4957-9f2a-d4c67450b6f3,,,building_characteristics_report.misc_pool_schedule,false,,,true,false,false,,,string,true,building_characteristics_report,Building Characteristics Report,output
misc_well_pump,misc_well_pump,true,,d92b59b3-630c-4957-9f2a-d4c67450b6f3,,,building_characteristics_report.misc_well_pump,false,,,true,false,false,,,string,true,building_characteristics_report,Building Characteristics Report,output
natural_ventilation,natural_ventilation,true,,d92b59b3-630c-4957-9f2a-d4c67450b6f3,,,building_characteristics_report.natural_ventilation,false,,,true,false,false,,,string,true,building_characteristics_report,Building Characteristics Report,output
neighbors,neighbors,true,,d92b59b3-630c-4957-9f2a-d4c67450b6f3,,,building_characteristics_report.neighbors,false,,,true,false,false,,,string,true,building_characteristics_report,Building Characteristics Report,output
occupants,occupants,true,,d92b59b3-630c-4957-9f2a-d4c67450b6f3,,,building_characteristics_report.occupants,false,,,true,false,false,,,string,true,building_characteristics_report,Building Characteristics Report,output
orientation,orientation,true,,d92b59b3-630c-4957-9f2a-d4c67450b6f3,,,building_characteristics_report.orientation,false,,,true,false,false,,,string,true,building_characteristics_report,Building Characteristics Report,output
overhangs,overhangs,true,,d92b59b3-630c-4957-9f2a-d4c67450b6f3,,,building_characteristics_report.overhangs,false,,,true,false,false,,,string,true,building_characteristics_report,Building Characteristics Report,output
plug_loads,plug_loads,true,,d92b59b3-630c-4957-9f2a-d4c67450b6f3,,,building_characteristics_report.plug_loads,false,,,true,false,false,,,string,true,building_characteristics_report,Building Characteristics Report,output
plug_loads_schedule,plug_loads_schedule,true,,d92b59b3-630c-4957-9f2a-d4c67450b6f3,,,building_characteristics_report.plug_loads_schedule,false,,,true,false,false,,,string,true,building_characteristics_report,Building Characteristics Report,output
pv,pv,true,,d92b59b3-630c-4957-9f2a-d4c67450b6f3,,,building_characteristics_report.pv,false,,,true,false,false,,,string,true,building_characteristics_report,Building Characteristics Report,output
radiant_barrier_unfinished_attic,radiant_barrier_unfinished_attic,true,,d92b59b3-630c-4957-9f2a-d4c67450b6f3,,,building_characteristics_report.radiant_barrier_unfinished_attic,false,,,true,false,false,,,string,true,building_characteristics_report,Building Characteristics Report,output
range_spot_vent_hour,range_spot_vent_hour,true,,d92b59b3-630c-4957-9f2a-d4c67450b6f3,,,building_characteristics_report.range_spot_vent_hour,false,,,true,false,false,,,string,true,building_characteristics_report,Building Characteristics Report,output
refrigeration_schedule,refrigeration_schedule,true,,d92b59b3-630c-4957-9f2a-d4c67450b6f3,,,building_characteristics_report.refrigeration_schedule,false,,,true,false,false,,,string,true,building_characteristics_report,Building Characteristics Report,output
refrigerator,refrigerator,true,,d92b59b3-630c-4957-9f2a-d4c67450b6f3,,,building_characteristics_report.refrigerator,false,,,true,false,false,,,string,true,building_characteristics_report,Building Characteristics Report,output
roof_material,roof_material,true,,d92b59b3-630c-4957-9f2a-d4c67450b6f3,,,building_characteristics_report.roof_material,false,,,true,false,false,,,string,true,building_characteristics_report,Building Characteristics Report,output
setpoint_demand_response,setpoint_demand_response,true,,d92b59b3-630c-4957-9f2a-d4c67450b6f3,,,building_characteristics_report.setpoint_demand_response,false,,,true,false,false,,,string,true,building_characteristics_report,Building Characteristics Report,output
solar_hot_water,solar_hot_water,true,,d92b59b3-630c-4957-9f2a-d4c67450b6f3,,,building_characteristics_report.solar_hot_water,false,,,true,false,false,,,string,true,building_characteristics_report,Building Characteristics Report,output
units_modeled,units_modeled,true,,d92b59b3-630c-4957-9f2a-d4c67450b6f3,,,building_characteristics_report.units_modeled,false,,,true,false,false,,,string,true,building_characteristics_report,Building Characteristics Report,output
units_represented,units_represented,true,,d92b59b3-630c-4957-9f2a-d4c67450b6f3,,,building_characteristics_report.units_represented,false,,,true,false,false,,,string,true,building_characteristics_report,Building Characteristics Report,output
usage_level,usage_level,true,,d92b59b3-630c-4957-9f2a-d4c67450b6f3,,,building_characteristics_report.usage_level,false,,,true,false,false,,,string,true,building_characteristics_report,Building Characteristics Report,output
vintage,vintage,true,,d92b59b3-630c-4957-9f2a-d4c67450b6f3,,,building_characteristics_report.vintage,false,,,true,false,false,,,string,true,building_characteristics_report,Building Characteristics Report,output
vintage_acs,vintage_acs,true,,d92b59b3-630c-4957-9f2a-d4c67450b6f3,,,building_characteristics_report.vintage_acs,false,,,true,false,false,,,string,true,building_characteristics_report,Building Characteristics Report,output
water_heater,water_heater,true,,d92b59b3-630c-4957-9f2a-d4c67450b6f3,,,building_characteristics_report.water_heater,false,,,true,false,false,,,string,true,building_characteristics_report,Building Characteristics Report,output
window_areas,window_areas,true,,d92b59b3-630c-4957-9f2a-d4c67450b6f3,,,building_characteristics_report.window_areas,false,,,true,false,false,,,string,true,building_characteristics_report,Building Characteristics Report,output
windows,windows,true,,d92b59b3-630c-4957-9f2a-d4c67450b6f3,,,building_characteristics_report.windows,false,,,true,false,false,,,string,true,building_characteristics_report,Building Characteristics Report,output
door_area_ft_2,door_area_ft_2,true,,7fd8cda4-ef54-49a5-9d93-c75252d8bc43,,,simulation_output_report.door_area_ft_2,false,,,true,false,false,,,double,true,simulation_output_report,Simulation Output Report,output
duct_surface_area_ft_2,duct_surface_area_ft_2,true,,7fd8cda4-ef54-49a5-9d93-c75252d8bc43,,,simulation_output_report.duct_surface_area_ft_2,false,,,true,false,false,,,double,true,simulation_output_report,Simulation Output Report,output
electricity_bath_fan_kwh,electricity_bath_fan_kwh,true,,7fd8cda4-ef54-49a5-9d93-c75252d8bc43,,,simulation_output_report.electricity_bath_fan_kwh,false,,,true,false,false,,,double,true,simulation_output_report,Simulation Output Report,output
electricity_ceiling_fan_kwh,electricity_ceiling_fan_kwh,true,,7fd8cda4-ef54-49a5-9d93-c75252d8bc43,,,simulation_output_report.electricity_ceiling_fan_kwh,false,,,true,false,false,,,double,true,simulation_output_report,Simulation Output Report,output
electricity_central_system_cooling_kwh,electricity_central_system_cooling_kwh,true,,7fd8cda4-ef54-49a5-9d93-c75252d8bc43,,,simulation_output_report.electricity_central_system_cooling_kwh,false,,,true,false,false,,,double,true,simulation_output_report,Simulation Output Report,output
electricity_central_system_heating_kwh,electricity_central_system_heating_kwh,true,,7fd8cda4-ef54-49a5-9d93-c75252d8bc43,,,simulation_output_report.electricity_central_system_heating_kwh,false,,,true,false,false,,,double,true,simulation_output_report,Simulation Output Report,output
electricity_central_system_pumps_cooling_kwh,electricity_central_system_pumps_cooling_kwh,true,,7fd8cda4-ef54-49a5-9d93-c75252d8bc43,,,simulation_output_report.electricity_central_system_pumps_cooling_kwh,false,,,true,false,false,,,double,true,simulation_output_report,Simulation Output Report,output
electricity_central_system_pumps_heating_kwh,electricity_central_system_pumps_heating_kwh,true,,7fd8cda4-ef54-49a5-9d93-c75252d8bc43,,,simulation_output_report.electricity_central_system_pumps_heating_kwh,false,,,true,false,false,,,double,true,simulation_output_report,Simulation Output Report,output
electricity_clothes_dryer_kwh,electricity_clothes_dryer_kwh,true,,7fd8cda4-ef54-49a5-9d93-c75252d8bc43,,,simulation_output_report.electricity_clothes_dryer_kwh,false,,,true,false,false,,,double,true,simulation_output_report,Simulation Output Report,output
electricity_clothes_washer_kwh,electricity_clothes_washer_kwh,true,,7fd8cda4-ef54-49a5-9d93-c75252d8bc43,,,simulation_output_report.electricity_clothes_washer_kwh,false,,,true,false,false,,,double,true,simulation_output_report,Simulation Output Report,output
electricity_cooking_range_kwh,electricity_cooking_range_kwh,true,,7fd8cda4-ef54-49a5-9d93-c75252d8bc43,,,simulation_output_report.electricity_cooking_range_kwh,false,,,true,false,false,,,double,true,simulation_output_report,Simulation Output Report,output
electricity_cooling_kwh,electricity_cooling_kwh,true,,7fd8cda4-ef54-49a5-9d93-c75252d8bc43,,,simulation_output_report.electricity_cooling_kwh,false,,,true,false,false,,,double,true,simulation_output_report,Simulation Output Report,output
electricity_dishwasher_kwh,electricity_dishwasher_kwh,true,,7fd8cda4-ef54-49a5-9d93-c75252d8bc43,,,simulation_output_report.electricity_dishwasher_kwh,false,,,true,false,false,,,double,true,simulation_output_report,Simulation Output Report,output
electricity_exterior_holiday_lighting_kwh,electricity_exterior_holiday_lighting_kwh,true,,7fd8cda4-ef54-49a5-9d93-c75252d8bc43,,,simulation_output_report.electricity_exterior_holiday_lighting_kwh,false,,,true,false,false,,,double,true,simulation_output_report,Simulation Output Report,output
electricity_exterior_lighting_kwh,electricity_exterior_lighting_kwh,true,,7fd8cda4-ef54-49a5-9d93-c75252d8bc43,,,simulation_output_report.electricity_exterior_lighting_kwh,false,,,true,false,false,,,double,true,simulation_output_report,Simulation Output Report,output
electricity_extra_refrigerator_kwh,electricity_extra_refrigerator_kwh,true,,7fd8cda4-ef54-49a5-9d93-c75252d8bc43,,,simulation_output_report.electricity_extra_refrigerator_kwh,false,,,true,false,false,,,double,true,simulation_output_report,Simulation Output Report,output
electricity_fans_cooling_kwh,electricity_fans_cooling_kwh,true,,7fd8cda4-ef54-49a5-9d93-c75252d8bc43,,,simulation_output_report.electricity_fans_cooling_kwh,false,,,true,false,false,,,double,true,simulation_output_report,Simulation Output Report,output
electricity_fans_heating_kwh,electricity_fans_heating_kwh,true,,7fd8cda4-ef54-49a5-9d93-c75252d8bc43,,,simulation_output_report.electricity_fans_heating_kwh,false,,,true,false,false,,,double,true,simulation_output_report,Simulation Output Report,output
electricity_freezer_kwh,electricity_freezer_kwh,true,,7fd8cda4-ef54-49a5-9d93-c75252d8bc43,,,simulation_output_report.electricity_freezer_kwh,false,,,true,false,false,,,double,true,simulation_output_report,Simulation Output Report,output
electricity_garage_lighting_kwh,electricity_garage_lighting_kwh,true,,7fd8cda4-ef54-49a5-9d93-c75252d8bc43,,,simulation_output_report.electricity_garage_lighting_kwh,false,,,true,false,false,,,double,true,simulation_output_report,Simulation Output Report,output
electricity_heating_kwh,electricity_heating_kwh,true,,7fd8cda4-ef54-49a5-9d93-c75252d8bc43,,,simulation_output_report.electricity_heating_kwh,false,,,true,false,false,,,double,true,simulation_output_report,Simulation Output Report,output
electricity_hot_tub_heater_kwh,electricity_hot_tub_heater_kwh,true,,7fd8cda4-ef54-49a5-9d93-c75252d8bc43,,,simulation_output_report.electricity_hot_tub_heater_kwh,false,,,true,false,false,,,double,true,simulation_output_report,Simulation Output Report,output
electricity_hot_tub_pump_kwh,electricity_hot_tub_pump_kwh,true,,7fd8cda4-ef54-49a5-9d93-c75252d8bc43,,,simulation_output_report.electricity_hot_tub_pump_kwh,false,,,true,false,false,,,double,true,simulation_output_report,Simulation Output Report,output
electricity_house_fan_kwh,electricity_house_fan_kwh,true,,7fd8cda4-ef54-49a5-9d93-c75252d8bc43,,,simulation_output_report.electricity_house_fan_kwh,false,,,true,false,false,,,double,true,simulation_output_report,Simulation Output Report,output
electricity_interior_equipment_kwh,electricity_interior_equipment_kwh,true,,7fd8cda4-ef54-49a5-9d93-c75252d8bc43,,,simulation_output_report.electricity_interior_equipment_kwh,false,,,true,false,false,,,double,true,simulation_output_report,Simulation Output Report,output
electricity_interior_lighting_kwh,electricity_interior_lighting_kwh,true,,7fd8cda4-ef54-49a5-9d93-c75252d8bc43,,,simulation_output_report.electricity_interior_lighting_kwh,false,,,true,false,false,,,double,true,simulation_output_report,Simulation Output Report,output
electricity_plug_loads_kwh,electricity_plug_loads_kwh,true,,7fd8cda4-ef54-49a5-9d93-c75252d8bc43,,,simulation_output_report.electricity_plug_loads_kwh,false,,,true,false,false,,,double,true,simulation_output_report,Simulation Output Report,output
electricity_pool_heater_kwh,electricity_pool_heater_kwh,true,,7fd8cda4-ef54-49a5-9d93-c75252d8bc43,,,simulation_output_report.electricity_pool_heater_kwh,false,,,true,false,false,,,double,true,simulation_output_report,Simulation Output Report,output
electricity_pool_pump_kwh,electricity_pool_pump_kwh,true,,7fd8cda4-ef54-49a5-9d93-c75252d8bc43,,,simulation_output_report.electricity_pool_pump_kwh,false,,,true,false,false,,,double,true,simulation_output_report,Simulation Output Report,output
electricity_pumps_cooling_kwh,electricity_pumps_cooling_kwh,true,,7fd8cda4-ef54-49a5-9d93-c75252d8bc43,,,simulation_output_report.electricity_pumps_cooling_kwh,false,,,true,false,false,,,double,true,simulation_output_report,Simulation Output Report,output
electricity_pumps_heating_kwh,electricity_pumps_heating_kwh,true,,7fd8cda4-ef54-49a5-9d93-c75252d8bc43,,,simulation_output_report.electricity_pumps_heating_kwh,false,,,true,false,false,,,double,true,simulation_output_report,Simulation Output Report,output
electricity_pv_kwh,electricity_pv_kwh,true,,7fd8cda4-ef54-49a5-9d93-c75252d8bc43,,,simulation_output_report.electricity_pv_kwh,false,,,true,false,false,,,double,true,simulation_output_report,Simulation Output Report,output
electricity_range_fan_kwh,electricity_range_fan_kwh,true,,7fd8cda4-ef54-49a5-9d93-c75252d8bc43,,,simulation_output_report.electricity_range_fan_kwh,false,,,true,false,false,,,double,true,simulation_output_report,Simulation Output Report,output
electricity_recirc_pump_kwh,electricity_recirc_pump_kwh,true,,7fd8cda4-ef54-49a5-9d93-c75252d8bc43,,,simulation_output_report.electricity_recirc_pump_kwh,false,,,true,false,false,,,double,true,simulation_output_report,Simulation Output Report,output
electricity_refrigerator_kwh,electricity_refrigerator_kwh,true,,7fd8cda4-ef54-49a5-9d93-c75252d8bc43,,,simulation_output_report.electricity_refrigerator_kwh,false,,,true,false,false,,,double,true,simulation_output_report,Simulation Output Report,output
electricity_vehicle_kwh,electricity_vehicle_kwh,true,,7fd8cda4-ef54-49a5-9d93-c75252d8bc43,,,simulation_output_report.electricity_vehicle_kwh,false,,,true,false,false,,,double,true,simulation_output_report,Simulation Output Report,output
electricity_water_systems_kwh,electricity_water_systems_kwh,true,,7fd8cda4-ef54-49a5-9d93-c75252d8bc43,,,simulation_output_report.electricity_water_systems_kwh,false,,,true,false,false,,,double,true,simulation_output_report,Simulation Output Report,output
electricity_well_pump_kwh,electricity_well_pump_kwh,true,,7fd8cda4-ef54-49a5-9d93-c75252d8bc43,,,simulation_output_report.electricity_well_pump_kwh,false,,,true,false,false,,,double,true,simulation_output_report,Simulation Output Report,output
floor_area_attic_ft_2,floor_area_attic_ft_2,true,,7fd8cda4-ef54-49a5-9d93-c75252d8bc43,,,simulation_output_report.floor_area_attic_ft_2,false,,,true,false,false,,,double,true,simulation_output_report,Simulation Output Report,output
floor_area_conditioned_ft_2,floor_area_conditioned_ft_2,true,,7fd8cda4-ef54-49a5-9d93-c75252d8bc43,,,simulation_output_report.floor_area_conditioned_ft_2,false,,,true,false,false,,,double,true,simulation_output_report,Simulation Output Report,output
floor_area_lighting_ft_2,floor_area_lighting_ft_2,true,,7fd8cda4-ef54-49a5-9d93-c75252d8bc43,,,simulation_output_report.floor_area_lighting_ft_2,false,,,true,false,false,,,double,true,simulation_output_report,Simulation Output Report,output
fuel_oil_central_system_heating_mbtu,fuel_oil_central_system_heating_mbtu,true,,7fd8cda4-ef54-49a5-9d93-c75252d8bc43,,,simulation_output_report.fuel_oil_central_system_heating_mbtu,false,,,true,false,false,,,double,true,simulation_output_report,Simulation Output Report,output
fuel_oil_heating_mbtu,fuel_oil_heating_mbtu,true,,7fd8cda4-ef54-49a5-9d93-c75252d8bc43,,,simulation_output_report.fuel_oil_heating_mbtu,false,,,true,false,false,,,double,true,simulation_output_report,Simulation Output Report,output
fuel_oil_water_systems_mbtu,fuel_oil_water_systems_mbtu,true,,7fd8cda4-ef54-49a5-9d93-c75252d8bc43,,,simulation_output_report.fuel_oil_water_systems_mbtu,false,,,true,false,false,,,double,true,simulation_output_report,Simulation Output Report,output
hours_cooling_setpoint_not_met,hours_cooling_setpoint_not_met,true,,7fd8cda4-ef54-49a5-9d93-c75252d8bc43,,,simulation_output_report.hours_cooling_setpoint_not_met,false,,,true,false,false,,,double,true,simulation_output_report,Simulation Output Report,output
hours_heating_setpoint_not_met,hours_heating_setpoint_not_met,true,,7fd8cda4-ef54-49a5-9d93-c75252d8bc43,,,simulation_output_report.hours_heating_setpoint_not_met,false,,,true,false,false,,,double,true,simulation_output_report,Simulation Output Report,output
hvac_cooling_capacity_w,hvac_cooling_capacity_w,true,,7fd8cda4-ef54-49a5-9d93-c75252d8bc43,,,simulation_output_report.hvac_cooling_capacity_w,false,,,true,false,false,,,double,true,simulation_output_report,Simulation Output Report,output
hvac_heating_capacity_w,hvac_heating_capacity_w,true,,7fd8cda4-ef54-49a5-9d93-c75252d8bc43,,,simulation_output_report.hvac_heating_capacity_w,false,,,true,false,false,,,double,true,simulation_output_report,Simulation Output Report,output
hvac_heating_supp_capacity_w,hvac_heating_supp_capacity_w,true,,7fd8cda4-ef54-49a5-9d93-c75252d8bc43,,,simulation_output_report.hvac_heating_supp_capacity_w,false,,,true,false,false,,,double,true,simulation_output_report,Simulation Output Report,output
natural_gas_central_system_heating_therm,natural_gas_central_system_heating_therm,true,,7fd8cda4-ef54-49a5-9d93-c75252d8bc43,,,simulation_output_report.natural_gas_central_system_heating_therm,false,,,true,false,false,,,double,true,simulation_output_report,Simulation Output Report,output
natural_gas_clothes_dryer_therm,natural_gas_clothes_dryer_therm,true,,7fd8cda4-ef54-49a5-9d93-c75252d8bc43,,,simulation_output_report.natural_gas_clothes_dryer_therm,false,,,true,false,false,,,double,true,simulation_output_report,Simulation Output Report,output
natural_gas_cooking_range_therm,natural_gas_cooking_range_therm,true,,7fd8cda4-ef54-49a5-9d93-c75252d8bc43,,,simulation_output_report.natural_gas_cooking_range_therm,false,,,true,false,false,,,double,true,simulation_output_report,Simulation Output Report,output
natural_gas_fireplace_therm,natural_gas_fireplace_therm,true,,7fd8cda4-ef54-49a5-9d93-c75252d8bc43,,,simulation_output_report.natural_gas_fireplace_therm,false,,,true,false,false,,,double,true,simulation_output_report,Simulation Output Report,output
natural_gas_grill_therm,natural_gas_grill_therm,true,,7fd8cda4-ef54-49a5-9d93-c75252d8bc43,,,simulation_output_report.natural_gas_grill_therm,false,,,true,false,false,,,double,true,simulation_output_report,Simulation Output Report,output
natural_gas_heating_therm,natural_gas_heating_therm,true,,7fd8cda4-ef54-49a5-9d93-c75252d8bc43,,,simulation_output_report.natural_gas_heating_therm,false,,,true,false,false,,,double,true,simulation_output_report,Simulation Output Report,output
natural_gas_hot_tub_heater_therm,natural_gas_hot_tub_heater_therm,true,,7fd8cda4-ef54-49a5-9d93-c75252d8bc43,,,simulation_output_report.natural_gas_hot_tub_heater_therm,false,,,true,false,false,,,double,true,simulation_output_report,Simulation Output Report,output
natural_gas_interior_equipment_therm,natural_gas_interior_equipment_therm,true,,7fd8cda4-ef54-49a5-9d93-c75252d8bc43,,,simulation_output_report.natural_gas_interior_equipment_therm,false,,,true,false,false,,,double,true,simulation_output_report,Simulation Output Report,output
natural_gas_lighting_therm,natural_gas_lighting_therm,true,,7fd8cda4-ef54-49a5-9d93-c75252d8bc43,,,simulation_output_report.natural_gas_lighting_therm,false,,,true,false,false,,,double,true,simulation_output_report,Simulation Output Report,output
natural_gas_pool_heater_therm,natural_gas_pool_heater_therm,true,,7fd8cda4-ef54-49a5-9d93-c75252d8bc43,,,simulation_output_report.natural_gas_pool_heater_therm,false,,,true,false,false,,,double,true,simulation_output_report,Simulation Output Report,output
natural_gas_water_systems_therm,natural_gas_water_systems_therm,true,,7fd8cda4-ef54-49a5-9d93-c75252d8bc43,,,simulation_output_report.natural_gas_water_systems_therm,false,,,true,false,false,,,double,true,simulation_output_report,Simulation Output Report,output
net_site_electricity_kwh,net_site_electricity_kwh,true,,7fd8cda4-ef54-49a5-9d93-c75252d8bc43,,,simulation_output_report.net_site_electricity_kwh,false,,,true,false,false,,,double,true,simulation_output_report,Simulation Output Report,output
net_site_energy_mbtu,net_site_energy_mbtu,true,,7fd8cda4-ef54-49a5-9d93-c75252d8bc43,,,simulation_output_report.net_site_energy_mbtu,false,,,true,false,false,,,double,true,simulation_output_report,Simulation Output Report,output
option_01_cost_usd,option_01_cost_usd,true,,7fd8cda4-ef54-49a5-9d93-c75252d8bc43,,,simulation_output_report.option_01_cost_usd,false,,,true,false,false,,,double,true,simulation_output_report,Simulation Output Report,output
option_01_lifetime_yrs,option_01_lifetime_yrs,true,,7fd8cda4-ef54-49a5-9d93-c75252d8bc43,,,simulation_output_report.option_01_lifetime_yrs,false,,,true,false,false,,,double,true,simulation_output_report,Simulation Output Report,output
option_02_cost_usd,option_02_cost_usd,true,,7fd8cda4-ef54-49a5-9d93-c75252d8bc43,,,simulation_output_report.option_02_cost_usd,false,,,true,false,false,,,double,true,simulation_output_report,Simulation Output Report,output
option_02_lifetime_yrs,option_02_lifetime_yrs,true,,7fd8cda4-ef54-49a5-9d93-c75252d8bc43,,,simulation_output_report.option_02_lifetime_yrs,false,,,true,false,false,,,double,true,simulation_output_report,Simulation Output Report,output
option_03_cost_usd,option_03_cost_usd,true,,7fd8cda4-ef54-49a5-9d93-c75252d8bc43,,,simulation_output_report.option_03_cost_usd,false,,,true,false,false,,,double,true,simulation_output_report,Simulation Output Report,output
option_03_lifetime_yrs,option_03_lifetime_yrs,true,,7fd8cda4-ef54-49a5-9d93-c75252d8bc43,,,simulation_output_report.option_03_lifetime_yrs,false,,,true,false,false,,,double,true,simulation_output_report,Simulation Output Report,output
option_04_cost_usd,option_04_cost_usd,true,,7fd8cda4-ef54-49a5-9d93-c75252d8bc43,,,simulation_output_report.option_04_cost_usd,false,,,true,false,false,,,double,true,simulation_output_report,Simulation Output Report,output
option_04_lifetime_yrs,option_04_lifetime_yrs,true,,7fd8cda4-ef54-49a5-9d93-c75252d8bc43,,,simulation_output_report.option_04_lifetime_yrs,false,,,true,false,false,,,double,true,simulation_output_report,Simulation Output Report,output
option_05_cost_usd,option_05_cost_usd,true,,7fd8cda4-ef54-49a5-9d93-c75252d8bc43,,,simulation_output_report.option_05_cost_usd,false,,,true,false,false,,,double,true,simulation_output_report,Simulation Output Report,output
option_05_lifetime_yrs,option_05_lifetime_yrs,true,,7fd8cda4-ef54-49a5-9d93-c75252d8bc43,,,simulation_output_report.option_05_lifetime_yrs,false,,,true,false,false,,,double,true,simulation_output_report,Simulation Output Report,output
option_06_cost_usd,option_06_cost_usd,true,,7fd8cda4-ef54-49a5-9d93-c75252d8bc43,,,simulation_output_report.option_06_cost_usd,false,,,true,false,false,,,double,true,simulation_output_report,Simulation Output Report,output
option_06_lifetime_yrs,option_06_lifetime_yrs,true,,7fd8cda4-ef54-49a5-9d93-c75252d8bc43,,,simulation_output_report.option_06_lifetime_yrs,false,,,true,false,false,,,double,true,simulation_output_report,Simulation Output Report,output
option_07_cost_usd,option_07_cost_usd,true,,7fd8cda4-ef54-49a5-9d93-c75252d8bc43,,,simulation_output_report.option_07_cost_usd,false,,,true,false,false,,,double,true,simulation_output_report,Simulation Output Report,output
option_07_lifetime_yrs,option_07_lifetime_yrs,true,,7fd8cda4-ef54-49a5-9d93-c75252d8bc43,,,simulation_output_report.option_07_lifetime_yrs,false,,,true,false,false,,,double,true,simulation_output_report,Simulation Output Report,output
option_08_cost_usd,option_08_cost_usd,true,,7fd8cda4-ef54-49a5-9d93-c75252d8bc43,,,simulation_output_report.option_08_cost_usd,false,,,true,false,false,,,double,true,simulation_output_report,Simulation Output Report,output
option_08_lifetime_yrs,option_08_lifetime_yrs,true,,7fd8cda4-ef54-49a5-9d93-c75252d8bc43,,,simulation_output_report.option_08_lifetime_yrs,false,,,true,false,false,,,double,true,simulation_output_report,Simulation Output Report,output
option_09_cost_usd,option_09_cost_usd,true,,7fd8cda4-ef54-49a5-9d93-c75252d8bc43,,,simulation_output_report.option_09_cost_usd,false,,,true,false,false,,,double,true,simulation_output_report,Simulation Output Report,output
option_09_lifetime_yrs,option_09_lifetime_yrs,true,,7fd8cda4-ef54-49a5-9d93-c75252d8bc43,,,simulation_output_report.option_09_lifetime_yrs,false,,,true,false,false,,,double,true,simulation_output_report,Simulation Output Report,output
option_10_cost_usd,option_10_cost_usd,true,,7fd8cda4-ef54-49a5-9d93-c75252d8bc43,,,simulation_output_report.option_10_cost_usd,false,,,true,false,false,,,double,true,simulation_output_report,Simulation Output Report,output
option_10_lifetime_yrs,option_10_lifetime_yrs,true,,7fd8cda4-ef54-49a5-9d93-c75252d8bc43,,,simulation_output_report.option_10_lifetime_yrs,false,,,true,false,false,,,double,true,simulation_output_report,Simulation Output Report,output
option_11_cost_usd,option_11_cost_usd,true,,7fd8cda4-ef54-49a5-9d93-c75252d8bc43,,,simulation_output_report.option_11_cost_usd,false,,,true,false,false,,,double,true,simulation_output_report,Simulation Output Report,output
option_11_lifetime_yrs,option_11_lifetime_yrs,true,,7fd8cda4-ef54-49a5-9d93-c75252d8bc43,,,simulation_output_report.option_11_lifetime_yrs,false,,,true,false,false,,,double,true,simulation_output_report,Simulation Output Report,output
option_12_cost_usd,option_12_cost_usd,true,,7fd8cda4-ef54-49a5-9d93-c75252d8bc43,,,simulation_output_report.option_12_cost_usd,false,,,true,false,false,,,double,true,simulation_output_report,Simulation Output Report,output
option_12_lifetime_yrs,option_12_lifetime_yrs,true,,7fd8cda4-ef54-49a5-9d93-c75252d8bc43,,,simulation_output_report.option_12_lifetime_yrs,false,,,true,false,false,,,double,true,simulation_output_report,Simulation Output Report,output
option_13_cost_usd,option_13_cost_usd,true,,7fd8cda4-ef54-49a5-9d93-c75252d8bc43,,,simulation_output_report.option_13_cost_usd,false,,,true,false,false,,,double,true,simulation_output_report,Simulation Output Report,output
option_13_lifetime_yrs,option_13_lifetime_yrs,true,,7fd8cda4-ef54-49a5-9d93-c75252d8bc43,,,simulation_output_report.option_13_lifetime_yrs,false,,,true,false,false,,,double,true,simulation_output_report,Simulation Output Report,output
option_14_cost_usd,option_14_cost_usd,true,,7fd8cda4-ef54-49a5-9d93-c75252d8bc43,,,simulation_output_report.option_14_cost_usd,false,,,true,false,false,,,double,true,simulation_output_report,Simulation Output Report,output
option_14_lifetime_yrs,option_14_lifetime_yrs,true,,7fd8cda4-ef54-49a5-9d93-c75252d8bc43,,,simulation_output_report.option_14_lifetime_yrs,false,,,true,false,false,,,double,true,simulation_output_report,Simulation Output Report,output
option_15_cost_usd,option_15_cost_usd,true,,7fd8cda4-ef54-49a5-9d93-c75252d8bc43,,,simulation_output_report.option_15_cost_usd,false,,,true,false,false,,,double,true,simulation_output_report,Simulation Output Report,output
option_15_lifetime_yrs,option_15_lifetime_yrs,true,,7fd8cda4-ef54-49a5-9d93-c75252d8bc43,,,simulation_output_report.option_15_lifetime_yrs,false,,,true,false,false,,,double,true,simulation_output_report,Simulation Output Report,output
option_16_cost_usd,option_16_cost_usd,true,,7fd8cda4-ef54-49a5-9d93-c75252d8bc43,,,simulation_output_report.option_16_cost_usd,false,,,true,false,false,,,double,true,simulation_output_report,Simulation Output Report,output
option_16_lifetime_yrs,option_16_lifetime_yrs,true,,7fd8cda4-ef54-49a5-9d93-c75252d8bc43,,,simulation_output_report.option_16_lifetime_yrs,false,,,true,false,false,,,double,true,simulation_output_report,Simulation Output Report,output
option_17_cost_usd,option_17_cost_usd,true,,7fd8cda4-ef54-49a5-9d93-c75252d8bc43,,,simulation_output_report.option_17_cost_usd,false,,,true,false,false,,,double,true,simulation_output_report,Simulation Output Report,output
option_17_lifetime_yrs,option_17_lifetime_yrs,true,,7fd8cda4-ef54-49a5-9d93-c75252d8bc43,,,simulation_output_report.option_17_lifetime_yrs,false,,,true,false,false,,,double,true,simulation_output_report,Simulation Output Report,output
option_18_cost_usd,option_18_cost_usd,true,,7fd8cda4-ef54-49a5-9d93-c75252d8bc43,,,simulation_output_report.option_18_cost_usd,false,,,true,false,false,,,double,true,simulation_output_report,Simulation Output Report,output
option_18_lifetime_yrs,option_18_lifetime_yrs,true,,7fd8cda4-ef54-49a5-9d93-c75252d8bc43,,,simulation_output_report.option_18_lifetime_yrs,false,,,true,false,false,,,double,true,simulation_output_report,Simulation Output Report,output
option_19_cost_usd,option_19_cost_usd,true,,7fd8cda4-ef54-49a5-9d93-c75252d8bc43,,,simulation_output_report.option_19_cost_usd,false,,,true,false,false,,,double,true,simulation_output_report,Simulation Output Report,output
option_19_lifetime_yrs,option_19_lifetime_yrs,true,,7fd8cda4-ef54-49a5-9d93-c75252d8bc43,,,simulation_output_report.option_19_lifetime_yrs,false,,,true,false,false,,,double,true,simulation_output_report,Simulation Output Report,output
option_20_cost_usd,option_20_cost_usd,true,,7fd8cda4-ef54-49a5-9d93-c75252d8bc43,,,simulation_output_report.option_20_cost_usd,false,,,true,false,false,,,double,true,simulation_output_report,Simulation Output Report,output
option_20_lifetime_yrs,option_20_lifetime_yrs,true,,7fd8cda4-ef54-49a5-9d93-c75252d8bc43,,,simulation_output_report.option_20_lifetime_yrs,false,,,true,false,false,,,double,true,simulation_output_report,Simulation Output Report,output
option_21_cost_usd,option_21_cost_usd,true,,7fd8cda4-ef54-49a5-9d93-c75252d8bc43,,,simulation_output_report.option_21_cost_usd,false,,,true,false,false,,,double,true,simulation_output_report,Simulation Output Report,output
option_21_lifetime_yrs,option_21_lifetime_yrs,true,,7fd8cda4-ef54-49a5-9d93-c75252d8bc43,,,simulation_output_report.option_21_lifetime_yrs,false,,,true,false,false,,,double,true,simulation_output_report,Simulation Output Report,output
option_22_cost_usd,option_22_cost_usd,true,,7fd8cda4-ef54-49a5-9d93-c75252d8bc43,,,simulation_output_report.option_22_cost_usd,false,,,true,false,false,,,double,true,simulation_output_report,Simulation Output Report,output
option_22_lifetime_yrs,option_22_lifetime_yrs,true,,7fd8cda4-ef54-49a5-9d93-c75252d8bc43,,,simulation_output_report.option_22_lifetime_yrs,false,,,true,false,false,,,double,true,simulation_output_report,Simulation Output Report,output
option_23_cost_usd,option_23_cost_usd,true,,7fd8cda4-ef54-49a5-9d93-c75252d8bc43,,,simulation_output_report.option_23_cost_usd,false,,,true,false,false,,,double,true,simulation_output_report,Simulation Output Report,output
option_23_lifetime_yrs,option_23_lifetime_yrs,true,,7fd8cda4-ef54-49a5-9d93-c75252d8bc43,,,simulation_output_report.option_23_lifetime_yrs,false,,,true,false,false,,,double,true,simulation_output_report,Simulation Output Report,output
option_24_cost_usd,option_24_cost_usd,true,,7fd8cda4-ef54-49a5-9d93-c75252d8bc43,,,simulation_output_report.option_24_cost_usd,false,,,true,false,false,,,double,true,simulation_output_report,Simulation Output Report,output
option_24_lifetime_yrs,option_24_lifetime_yrs,true,,7fd8cda4-ef54-49a5-9d93-c75252d8bc43,,,simulation_output_report.option_24_lifetime_yrs,false,,,true,false,false,,,double,true,simulation_output_report,Simulation Output Report,output
option_25_cost_usd,option_25_cost_usd,true,,7fd8cda4-ef54-49a5-9d93-c75252d8bc43,,,simulation_output_report.option_25_cost_usd,false,,,true,false,false,,,double,true,simulation_output_report,Simulation Output Report,output
option_25_lifetime_yrs,option_25_lifetime_yrs,true,,7fd8cda4-ef54-49a5-9d93-c75252d8bc43,,,simulation_output_report.option_25_lifetime_yrs,false,,,true,false,false,,,double,true,simulation_output_report,Simulation Output Report,output
propane_central_system_heating_mbtu,propane_central_system_heating_mbtu,true,,7fd8cda4-ef54-49a5-9d93-c75252d8bc43,,,simulation_output_report.propane_central_system_heating_mbtu,false,,,true,false,false,,,double,true,simulation_output_report,Simulation Output Report,output
propane_clothes_dryer_mbtu,propane_clothes_dryer_mbtu,true,,7fd8cda4-ef54-49a5-9d93-c75252d8bc43,,,simulation_output_report.propane_clothes_dryer_mbtu,false,,,true,false,false,,,double,true,simulation_output_report,Simulation Output Report,output
propane_cooking_range_mbtu,propane_cooking_range_mbtu,true,,7fd8cda4-ef54-49a5-9d93-c75252d8bc43,,,simulation_output_report.propane_cooking_range_mbtu,false,,,true,false,false,,,double,true,simulation_output_report,Simulation Output Report,output
propane_heating_mbtu,propane_heating_mbtu,true,,7fd8cda4-ef54-49a5-9d93-c75252d8bc43,,,simulation_output_report.propane_heating_mbtu,false,,,true,false,false,,,double,true,simulation_output_report,Simulation Output Report,output
propane_interior_equipment_mbtu,propane_interior_equipment_mbtu,true,,7fd8cda4-ef54-49a5-9d93-c75252d8bc43,,,simulation_output_report.propane_interior_equipment_mbtu,false,,,true,false,false,,,double,true,simulation_output_report,Simulation Output Report,output
propane_water_systems_mbtu,propane_water_systems_mbtu,true,,7fd8cda4-ef54-49a5-9d93-c75252d8bc43,,,simulation_output_report.propane_water_systems_mbtu,false,,,true,false,false,,,double,true,simulation_output_report,Simulation Output Report,output
roof_area_ft_2,roof_area_ft_2,true,,7fd8cda4-ef54-49a5-9d93-c75252d8bc43,,,simulation_output_report.roof_area_ft_2,false,,,true,false,false,,,double,true,simulation_output_report,Simulation Output Report,output
size_cooling_system_kbtu_h,size_cooling_system_kbtu_h,true,,7fd8cda4-ef54-49a5-9d93-c75252d8bc43,,,simulation_output_report.size_cooling_system_kbtu_h,false,,,true,false,false,,,double,true,simulation_output_report,Simulation Output Report,output
size_heating_system_kbtu_h,size_heating_system_kbtu_h,true,,7fd8cda4-ef54-49a5-9d93-c75252d8bc43,,,simulation_output_report.size_heating_system_kbtu_h,false,,,true,false,false,,,double,true,simulation_output_report,Simulation Output Report,output
size_water_heater_gal,size_water_heater_gal,true,,7fd8cda4-ef54-49a5-9d93-c75252d8bc43,,,simulation_output_report.size_water_heater_gal,false,,,true,false,false,,,double,true,simulation_output_report,Simulation Output Report,output
total_site_electricity_kwh,total_site_electricity_kwh,true,,7fd8cda4-ef54-49a5-9d93-c75252d8bc43,,,simulation_output_report.total_site_electricity_kwh,false,,,true,false,false,,,double,true,simulation_output_report,Simulation Output Report,output
total_site_energy_mbtu,total_site_energy_mbtu,true,,7fd8cda4-ef54-49a5-9d93-c75252d8bc43,,,simulation_output_report.total_site_energy_mbtu,false,,,true,false,false,,,double,true,simulation_output_report,Simulation Output Report,output
total_site_fuel_oil_mbtu,total_site_fuel_oil_mbtu,true,,7fd8cda4-ef54-49a5-9d93-c75252d8bc43,,,simulation_output_report.total_site_fuel_oil_mbtu,false,,,true,false,false,,,double,true,simulation_output_report,Simulation Output Report,output
total_site_natural_gas_therm,total_site_natural_gas_therm,true,,7fd8cda4-ef54-49a5-9d93-c75252d8bc43,,,simulation_output_report.total_site_natural_gas_therm,false,,,true,false,false,,,double,true,simulation_output_report,Simulation Output Report,output
total_site_propane_mbtu,total_site_propane_mbtu,true,,7fd8cda4-ef54-49a5-9d93-c75252d8bc43,,,simulation_output_report.total_site_propane_mbtu,false,,,true,false,false,,,double,true,simulation_output_report,Simulation Output Report,output
total_site_wood_mbtu,total_site_wood_mbtu,true,,7fd8cda4-ef54-49a5-9d93-c75252d8bc43,,,simulation_output_report.total_site_wood_mbtu,false,,,true,false,false,,,double,true,simulation_output_report,Simulation Output Report,output
upgrade_cost_usd,upgrade_cost_usd,true,,7fd8cda4-ef54-49a5-9d93-c75252d8bc43,,,simulation_output_report.upgrade_cost_usd,false,,,true,false,false,,,double,true,simulation_output_report,Simulation Output Report,output
upgrade_name,upgrade_name,true,,7fd8cda4-ef54-49a5-9d93-c75252d8bc43,,,simulation_output_report.upgrade_name,false,,,true,false,false,,,string,true,simulation_output_report,Simulation Output Report,output
wall_area_above_grade_conditioned_ft_2,wall_area_above_grade_conditioned_ft_2,true,,7fd8cda4-ef54-49a5-9d93-c75252d8bc43,,,simulation_output_report.wall_area_above_grade_conditioned_ft_2,false,,,true,false,false,,,double,true,simulation_output_report,Simulation Output Report,output
wall_area_above_grade_exterior_ft_2,wall_area_above_grade_exterior_ft_2,true,,7fd8cda4-ef54-49a5-9d93-c75252d8bc43,,,simulation_output_report.wall_area_above_grade_exterior_ft_2,false,,,true,false,false,,,double,true,simulation_output_report,Simulation Output Report,output
wall_area_below_grade_ft_2,wall_area_below_grade_ft_2,true,,7fd8cda4-ef54-49a5-9d93-c75252d8bc43,,,simulation_output_report.wall_area_below_grade_ft_2,false,,,true,false,false,,,double,true,simulation_output_report,Simulation Output Report,output
window_area_ft_2,window_area_ft_2,true,,7fd8cda4-ef54-49a5-9d93-c75252d8bc43,,,simulation_output_report.window_area_ft_2,false,,,true,false,false,,,double,true,simulation_output_report,Simulation Output Report,output
wood_heating_mbtu,wood_heating_mbtu,true,,7fd8cda4-ef54-49a5-9d93-c75252d8bc43,,,simulation_output_report.wood_heating_mbtu,false,,,true,false,false,,,double,true,simulation_output_report,Simulation Output Report,output
